id,image_path,camera_id
2,bounding_box_train/0002_c5s1_069073_02.jpg,5
7,bounding_box_train/0007_c2s3_070952_01.jpg,2
10,bounding_box_train/0010_c3s3_075919_02.jpg,3
11,bounding_box_train/0011_c6s4_002452_01.jpg,6
12,bounding_box_train/0012_c1s1_000701_01.jpg,1
20,bounding_box_train/0020_c4s1_001451_03.jpg,4
22,bounding_box_train/0022_c6s1_004051_01.jpg,6
22,bounding_box_train/0022_c6s1_003001_01.jpg,6
23,bounding_box_train/0023_c6s1_002451_01.jpg,6
27,bounding_box_train/0027_c3s1_002051_02.jpg,3
28,bounding_box_train/0028_c3s1_001976_01.jpg,3
32,bounding_box_train/0032_c1s1_002576_03.jpg,1
35,bounding_box_train/0035_c3s1_003251_01.jpg,3
37,bounding_box_train/0037_c1s1_003926_01.jpg,1
43,bounding_box_train/0043_c2s1_003626_02.jpg,2
46,bounding_box_train/0046_c4s1_004376_02.jpg,4
47,bounding_box_train/0047_c3s3_076569_04.jpg,3
48,bounding_box_train/0048_c3s1_004526_01.jpg,3
52,bounding_box_train/0052_c6s1_005826_01.jpg,6
56,bounding_box_train/0056_c5s1_007501_02.jpg,5
57,bounding_box_train/0057_c4s1_008901_01.jpg,4
64,bounding_box_train/0064_c2s1_008326_01.jpg,2
65,bounding_box_train/0065_c6s1_011101_02.jpg,6
67,bounding_box_train/0067_c6s1_018976_01.jpg,6
68,bounding_box_train/0068_c6s1_011876_02.jpg,6
69,bounding_box_train/0069_c2s3_057977_03.jpg,2
76,bounding_box_train/0076_c5s1_018976_01.jpg,5
77,bounding_box_train/0077_c4s1_010951_01.jpg,4
81,bounding_box_train/0081_c2s3_026607_05.jpg,2
82,bounding_box_train/0082_c3s3_076569_03.jpg,3
88,bounding_box_train/0088_c6s4_003177_01.jpg,6
93,bounding_box_train/0093_c3s1_014401_02.jpg,3
97,bounding_box_train/0097_c3s1_015926_02.jpg,3
100,bounding_box_train/0100_c5s2_149724_01.jpg,5
104,bounding_box_train/0104_c5s1_017951_02.jpg,5
105,bounding_box_train/0105_c5s1_037176_02.jpg,5
105,bounding_box_train/0105_c6s1_036651_02.jpg,6
106,bounding_box_train/0106_c3s1_017676_04.jpg,3
107,bounding_box_train/0107_c5s1_019551_02.jpg,5
108,bounding_box_train/0108_c2s1_017626_03.jpg,2
110,bounding_box_train/0110_c3s1_034476_01.jpg,3
111,bounding_box_train/0111_c4s4_051935_02.jpg,4
115,bounding_box_train/0115_c6s1_020926_01.jpg,6
116,bounding_box_train/0116_c5s1_102023_01.jpg,5
117,bounding_box_train/0117_c2s1_018926_01.jpg,2
118,bounding_box_train/0118_c3s3_070369_04.jpg,3
121,bounding_box_train/0121_c4s3_074710_02.jpg,4
123,bounding_box_train/0123_c4s1_030201_03.jpg,4
127,bounding_box_train/0127_c6s1_021376_02.jpg,6
132,bounding_box_train/0132_c1s1_031476_02.jpg,1
135,bounding_box_train/0135_c5s1_023301_04.jpg,5
136,bounding_box_train/0136_c5s1_023076_01.jpg,5
139,bounding_box_train/0139_c6s1_075476_02.jpg,6
139,bounding_box_train/0139_c6s1_069251_01.jpg,6
142,bounding_box_train/0142_c1s5_012511_03.jpg,1
148,bounding_box_train/0148_c3s2_023887_06.jpg,3
149,bounding_box_train/0149_c5s3_078512_02.jpg,5
150,bounding_box_train/0150_c1s1_024426_03.jpg,1
158,bounding_box_train/0158_c5s1_038001_07.jpg,5
159,bounding_box_train/0159_c5s1_028101_01.jpg,5
160,bounding_box_train/0160_c3s1_027501_01.jpg,3
162,bounding_box_train/0162_c4s6_050116_05.jpg,4
166,bounding_box_train/0166_c5s1_030101_02.jpg,5
167,bounding_box_train/0167_c4s5_012554_03.jpg,4
172,bounding_box_train/0172_c6s3_088292_03.jpg,6
173,bounding_box_train/0173_c2s3_058052_04.jpg,2
175,bounding_box_train/0175_c4s5_016004_04.jpg,4
176,bounding_box_train/0176_c3s1_032401_01.jpg,3
177,bounding_box_train/0177_c3s1_041526_02.jpg,3
178,bounding_box_train/0178_c3s1_036501_01.jpg,3
179,bounding_box_train/0179_c1s6_029396_02.jpg,1
180,bounding_box_train/0180_c6s4_004652_04.jpg,6
181,bounding_box_train/0181_c5s1_033551_02.jpg,5
184,bounding_box_train/0184_c4s5_011779_01.jpg,4
185,bounding_box_train/0185_c2s1_034026_01.jpg,2
193,bounding_box_train/0193_c6s1_059876_02.jpg,6
195,bounding_box_train/0195_c2s1_037601_01.jpg,2
197,bounding_box_train/0197_c5s1_039451_01.jpg,5
201,bounding_box_train/0201_c2s1_039501_01.jpg,2
202,bounding_box_train/0202_c3s2_149344_04.jpg,3
204,bounding_box_train/0204_c4s1_041401_03.jpg,4
206,bounding_box_train/0206_c6s1_041826_05.jpg,6
208,bounding_box_train/0208_c5s2_097727_02.jpg,5
208,bounding_box_train/0208_c6s1_070651_02.jpg,6
209,bounding_box_train/0209_c5s1_043076_01.jpg,5
211,bounding_box_train/0211_c3s1_042926_02.jpg,3
216,bounding_box_train/0216_c5s1_045326_12.jpg,5
221,bounding_box_train/0221_c2s1_045626_01.jpg,2
222,bounding_box_train/0222_c1s1_046801_01.jpg,1
223,bounding_box_train/0223_c1s1_046476_02.jpg,1
224,bounding_box_train/0224_c5s1_046951_02.jpg,5
225,bounding_box_train/0225_c1s1_055181_05.jpg,1
232,bounding_box_train/0232_c6s1_070926_04.jpg,6
234,bounding_box_train/0234_c3s3_079519_02.jpg,3
236,bounding_box_train/0236_c3s1_049026_01.jpg,3
237,bounding_box_train/0237_c5s1_049801_01.jpg,5
239,bounding_box_train/0239_c5s1_068548_03.jpg,5
241,bounding_box_train/0241_c3s1_059342_02.jpg,3
242,bounding_box_train/0242_c6s1_059151_03.jpg,6
243,bounding_box_train/0243_c2s1_066171_01.jpg,2
245,bounding_box_train/0245_c3s3_079594_03.jpg,3
248,bounding_box_train/0248_c2s1_051176_01.jpg,2
250,bounding_box_train/0250_c3s3_079669_01.jpg,3
251,bounding_box_train/0251_c3s1_063592_02.jpg,3
254,bounding_box_train/0254_c1s4_032956_02.jpg,1
255,bounding_box_train/0255_c1s1_060281_01.jpg,1
259,bounding_box_train/0259_c1s1_054851_01.jpg,1
261,bounding_box_train/0261_c6s1_055476_01.jpg,6
264,bounding_box_train/0264_c1s1_055981_01.jpg,1
266,bounding_box_train/0266_c6s1_065401_01.jpg,6
268,bounding_box_train/0268_c4s1_057132_04.jpg,4
269,bounding_box_train/0269_c3s1_057767_02.jpg,3
272,bounding_box_train/0272_c6s1_056376_02.jpg,6
272,bounding_box_train/0272_c5s1_066273_01.jpg,5
273,bounding_box_train/0273_c3s1_059942_02.jpg,3
276,bounding_box_train/0276_c3s3_066419_03.jpg,3
277,bounding_box_train/0277_c3s1_060792_08.jpg,3
279,bounding_box_train/0279_c1s2_014666_01.jpg,1
281,bounding_box_train/0281_c3s1_062892_02.jpg,3
282,bounding_box_train/0282_c6s1_062126_01.jpg,6
287,bounding_box_train/0287_c4s1_062057_01.jpg,4
296,bounding_box_train/0296_c3s1_070942_02.jpg,3
297,bounding_box_train/0297_c6s1_066776_03.jpg,6
298,bounding_box_train/0298_c4s1_065532_03.jpg,4
299,bounding_box_train/0299_c5s1_067148_02.jpg,5
301,bounding_box_train/0301_c6s1_067351_02.jpg,6
303,bounding_box_train/0303_c3s1_067492_01.jpg,3
306,bounding_box_train/0306_c5s3_067512_04.jpg,5
307,bounding_box_train/0307_c2s1_086321_01.jpg,2
308,bounding_box_train/0308_c6s1_069851_02.jpg,6
309,bounding_box_train/0309_c6s2_017668_01.jpg,6
313,bounding_box_train/0313_c6s1_070851_01.jpg,6
314,bounding_box_train/0314_c2s1_070146_09.jpg,2
318,bounding_box_train/0318_c6s1_072201_01.jpg,6
321,bounding_box_train/0321_c4s2_009317_03.jpg,4
324,bounding_box_train/0324_c6s1_074026_03.jpg,6
325,bounding_box_train/0325_c3s1_074617_01.jpg,3
326,bounding_box_train/0326_c3s3_081044_04.jpg,3
327,bounding_box_train/0327_c3s3_065894_01.jpg,3
328,bounding_box_train/0328_c2s1_074846_03.jpg,2
331,bounding_box_train/0331_c6s1_086401_03.jpg,6
332,bounding_box_train/0332_c3s1_075817_03.jpg,3
333,bounding_box_train/0333_c6s1_078876_02.jpg,6
335,bounding_box_train/0335_c5s1_077098_03.jpg,5
338,bounding_box_train/0338_c2s1_077996_04.jpg,2
339,bounding_box_train/0339_c3s1_077817_01.jpg,3
340,bounding_box_train/0340_c6s1_078901_06.jpg,6
341,bounding_box_train/0341_c5s1_078923_01.jpg,5
344,bounding_box_train/0344_c5s1_079198_02.jpg,5
347,bounding_box_train/0347_c6s1_080851_05.jpg,6
348,bounding_box_train/0348_c6s1_081476_03.jpg,6
349,bounding_box_train/0349_c6s1_081876_04.jpg,6
350,bounding_box_train/0350_c2s1_089471_04.jpg,2
352,bounding_box_train/0352_c2s1_079671_01.jpg,2
354,bounding_box_train/0354_c6s1_080926_07.jpg,6
357,bounding_box_train/0357_c1s2_014891_02.jpg,1
358,bounding_box_train/0358_c3s1_082117_05.jpg,3
359,bounding_box_train/0359_c4s2_012317_01.jpg,4
361,bounding_box_train/0361_c3s1_083192_03.jpg,3
367,bounding_box_train/0367_c1s2_012966_04.jpg,1
368,bounding_box_train/0368_c3s1_085592_01.jpg,3
369,bounding_box_train/0369_c1s2_014866_03.jpg,1
370,bounding_box_train/0370_c2s1_087496_04.jpg,2
371,bounding_box_train/0371_c1s2_015416_01.jpg,1
374,bounding_box_train/0374_c2s1_088646_02.jpg,2
375,bounding_box_train/0375_c2s1_090671_08.jpg,2
376,bounding_box_train/0376_c2s1_088921_05.jpg,2
377,bounding_box_train/0377_c5s1_089498_02.jpg,5
379,bounding_box_train/0379_c2s1_094596_01.jpg,2
380,bounding_box_train/0380_c1s2_016991_01.jpg,1
383,bounding_box_train/0383_c3s1_090917_01.jpg,3
384,bounding_box_train/0384_c2s1_090846_05.jpg,2
385,bounding_box_train/0385_c5s1_091448_01.jpg,5
386,bounding_box_train/0386_c2s3_074702_02.jpg,2
390,bounding_box_train/0390_c3s1_104367_06.jpg,3
393,bounding_box_train/0393_c2s1_112441_01.jpg,2
394,bounding_box_train/0394_c5s1_093523_07.jpg,5
397,bounding_box_train/0397_c1s2_021816_01.jpg,1
398,bounding_box_train/0398_c5s1_094873_03.jpg,5
399,bounding_box_train/0399_c1s2_022316_02.jpg,1
403,bounding_box_train/0403_c2s1_096496_05.jpg,2
404,bounding_box_train/0404_c3s2_158369_03.jpg,3
407,bounding_box_train/0407_c5s1_101198_01.jpg,5
408,bounding_box_train/0408_c5s1_097748_03.jpg,5
409,bounding_box_train/0409_c5s1_097973_01.jpg,5
410,bounding_box_train/0410_c2s1_105746_02.jpg,2
411,bounding_box_train/0411_c3s1_116733_02.jpg,3
413,bounding_box_train/0413_c2s1_097821_01.jpg,2
414,bounding_box_train/0414_c3s1_116758_05.jpg,3
415,bounding_box_train/0415_c3s1_097967_02.jpg,3
419,bounding_box_train/0419_c1s2_027491_01.jpg,1
420,bounding_box_train/0420_c1s2_033341_01.jpg,1
421,bounding_box_train/0421_c5s1_104123_01.jpg,5
423,bounding_box_train/0423_c3s1_102692_01.jpg,3
424,bounding_box_train/0424_c4s2_036267_01.jpg,4
427,bounding_box_train/0427_c4s2_032242_01.jpg,4
430,bounding_box_train/0430_c4s2_036917_02.jpg,4
432,bounding_box_train/0432_c5s2_070977_04.jpg,5
433,bounding_box_train/0433_c3s1_126383_01.jpg,3
434,bounding_box_train/0434_c5s1_113470_01.jpg,5
435,bounding_box_train/0435_c3s1_106192_01.jpg,3
437,bounding_box_train/0437_c1s2_056446_01.jpg,1
441,bounding_box_train/0441_c3s1_109042_05.jpg,3
442,bounding_box_train/0442_c5s1_109548_03.jpg,5
444,bounding_box_train/0444_c3s1_111283_02.jpg,3
445,bounding_box_train/0445_c4s2_038248_01.jpg,4
446,bounding_box_train/0446_c1s2_038771_03.jpg,1
449,bounding_box_train/0449_c2s1_148266_08.jpg,2
450,bounding_box_train/0450_c1s2_041696_01.jpg,1
451,bounding_box_train/0451_c5s1_113895_02.jpg,5
456,bounding_box_train/0456_c6s2_072593_01.jpg,6
457,bounding_box_train/0457_c1s2_044246_02.jpg,1
459,bounding_box_train/0459_c4s6_031516_01.jpg,4
464,bounding_box_train/0464_c2s1_119541_02.jpg,2
466,bounding_box_train/0466_c3s1_120708_02.jpg,3
468,bounding_box_train/0468_c3s1_120708_05.jpg,3
470,bounding_box_train/0470_c3s2_133519_02.jpg,3
472,bounding_box_train/0472_c2s1_153016_01.jpg,2
475,bounding_box_train/0475_c5s1_123645_02.jpg,5
477,bounding_box_train/0477_c2s1_124766_01.jpg,2
480,bounding_box_train/0480_c3s1_125333_01.jpg,3
481,bounding_box_train/0481_c1s2_053321_01.jpg,1
482,bounding_box_train/0482_c3s1_125333_02.jpg,3
484,bounding_box_train/0484_c5s1_126720_01.jpg,5
485,bounding_box_train/0485_c3s1_128633_04.jpg,3
486,bounding_box_train/0486_c2s1_128316_02.jpg,2
491,bounding_box_train/0491_c3s1_129858_04.jpg,3
494,bounding_box_train/0494_c3s1_131083_02.jpg,3
496,bounding_box_train/0496_c4s2_058323_01.jpg,4
499,bounding_box_train/0499_c1s2_060596_01.jpg,1
500,bounding_box_train/0500_c3s1_137708_01.jpg,3
503,bounding_box_train/0503_c3s1_138708_06.jpg,3
508,bounding_box_train/0508_c6s2_075568_03.jpg,6
509,bounding_box_train/0509_c1s2_065771_04.jpg,1
513,bounding_box_train/0513_c3s3_082244_02.jpg,3
515,bounding_box_train/0515_c1s2_069371_02.jpg,1
516,bounding_box_train/0516_c2s1_142491_02.jpg,2
517,bounding_box_train/0517_c3s1_145308_03.jpg,3
518,bounding_box_train/0518_c4s2_069898_01.jpg,4
519,bounding_box_train/0519_c5s2_093952_02.jpg,5
522,bounding_box_train/0522_c4s2_070848_01.jpg,4
524,bounding_box_train/0524_c1s2_072496_03.jpg,1
525,bounding_box_train/0525_c3s1_147083_02.jpg,3
528,bounding_box_train/0528_c3s1_148608_05.jpg,3
529,bounding_box_train/0529_c3s1_154133_04.jpg,3
534,bounding_box_train/0534_c3s1_152083_01.jpg,3
536,bounding_box_train/0536_c3s2_001971_02.jpg,3
537,bounding_box_train/0537_c4s3_004823_02.jpg,4
539,bounding_box_train/0539_c5s1_155495_07.jpg,5
540,bounding_box_train/0540_c1s3_007846_06.jpg,1
545,bounding_box_train/0545_c5s2_014730_01.jpg,5
546,bounding_box_train/0546_c2s1_157316_02.jpg,2
547,bounding_box_train/0547_c3s1_157658_07.jpg,3
549,bounding_box_train/0549_c1s3_009921_05.jpg,1
551,bounding_box_train/0551_c1s3_010421_04.jpg,1
552,bounding_box_train/0552_c2s1_157766_01.jpg,2
554,bounding_box_train/0554_c6s2_000468_02.jpg,6
555,bounding_box_train/0555_c6s2_007418_01.jpg,6
556,bounding_box_train/0556_c3s1_158683_02.jpg,3
557,bounding_box_train/0557_c5s2_008930_01.jpg,5
558,bounding_box_train/0558_c1s3_015596_01.jpg,1
564,bounding_box_train/0564_c4s3_018104_01.jpg,4
565,bounding_box_train/0565_c4s3_017904_01.jpg,4
566,bounding_box_train/0566_c3s2_004637_02.jpg,3
570,bounding_box_train/0570_c3s2_024362_02.jpg,3
571,bounding_box_train/0571_c5s2_008130_02.jpg,5
572,bounding_box_train/0572_c6s2_007693_01.jpg,6
573,bounding_box_train/0573_c6s2_002993_01.jpg,6
575,bounding_box_train/0575_c5s2_081702_01.jpg,5
579,bounding_box_train/0579_c2s2_009187_01.jpg,2
581,bounding_box_train/0581_c4s4_037335_02.jpg,4
584,bounding_box_train/0584_c3s2_012512_01.jpg,3
586,bounding_box_train/0586_c4s3_025854_01.jpg,4
588,bounding_box_train/0588_c6s3_090992_01.jpg,6
589,bounding_box_train/0589_c6s2_006893_03.jpg,6
592,bounding_box_train/0592_c6s2_033593_01.jpg,6
593,bounding_box_train/0593_c3s2_013762_01.jpg,3
594,bounding_box_train/0594_c6s2_013993_01.jpg,6
596,bounding_box_train/0596_c6s2_021768_03.jpg,6
597,bounding_box_train/0597_c2s2_012237_02.jpg,2
599,bounding_box_train/0599_c1s6_035421_02.jpg,1
603,bounding_box_train/0603_c3s2_020737_04.jpg,3
604,bounding_box_train/0604_c3s2_016787_01.jpg,3
605,bounding_box_train/0605_c3s2_057162_04.jpg,3
606,bounding_box_train/0606_c3s2_017887_03.jpg,3
611,bounding_box_train/0611_c3s2_018187_02.jpg,3
612,bounding_box_train/0612_c3s2_037562_03.jpg,3
613,bounding_box_train/0613_c1s3_032751_02.jpg,1
614,bounding_box_train/0614_c1s3_033676_01.jpg,1
615,bounding_box_train/0615_c1s3_033901_02.jpg,1
616,bounding_box_train/0616_c1s3_047451_03.jpg,1
619,bounding_box_train/0619_c6s2_015843_01.jpg,6
620,bounding_box_train/0620_c6s2_017768_04.jpg,6
622,bounding_box_train/0622_c3s2_023087_05.jpg,3
623,bounding_box_train/0623_c6s2_017343_01.jpg,6
628,bounding_box_train/0628_c6s2_043968_01.jpg,6
629,bounding_box_train/0629_c1s3_049926_02.jpg,1
630,bounding_box_train/0630_c2s2_020937_05.jpg,2
633,bounding_box_train/0633_c3s2_025737_01.jpg,3
635,bounding_box_train/0635_c6s2_020718_05.jpg,6
636,bounding_box_train/0636_c1s3_041176_01.jpg,1
637,bounding_box_train/0637_c1s3_041851_04.jpg,1
639,bounding_box_train/0639_c6s2_023843_01.jpg,6
640,bounding_box_train/0640_c6s2_023693_01.jpg,6
641,bounding_box_train/0641_c3s2_030137_02.jpg,3
642,bounding_box_train/0642_c2s2_037312_01.jpg,2
645,bounding_box_train/0645_c1s3_046676_01.jpg,1
647,bounding_box_train/0647_c2s2_030812_09.jpg,2
648,bounding_box_train/0648_c6s2_042493_01.jpg,6
649,bounding_box_train/0649_c6s2_027418_05.jpg,6
652,bounding_box_train/0652_c5s2_036180_03.jpg,5
653,bounding_box_train/0653_c6s2_045043_01.jpg,6
655,bounding_box_train/0655_c6s2_031043_01.jpg,6
656,bounding_box_train/0656_c6s2_045393_05.jpg,6
657,bounding_box_train/0657_c6s2_056968_01.jpg,6
658,bounding_box_train/0658_c3s2_025262_04.jpg,3
659,bounding_box_train/0659_c3s2_038062_01.jpg,3
661,bounding_box_train/0661_c3s2_039562_05.jpg,3
662,bounding_box_train/0662_c2s2_036787_01.jpg,2
663,bounding_box_train/0663_c1s6_036846_02.jpg,1
665,bounding_box_train/0665_c2s2_044487_01.jpg,2
666,bounding_box_train/0666_c6s2_050468_09.jpg,6
667,bounding_box_train/0667_c3s2_052287_07.jpg,3
669,bounding_box_train/0669_c3s2_044362_01.jpg,3
670,bounding_box_train/0670_c6s2_046093_01.jpg,6
673,bounding_box_train/0673_c6s2_038868_01.jpg,6
674,bounding_box_train/0674_c3s2_044987_01.jpg,3
676,bounding_box_train/0676_c6s2_050968_03.jpg,6
677,bounding_box_train/0677_c5s2_048955_01.jpg,5
681,bounding_box_train/0681_c2s2_046162_04.jpg,2
682,bounding_box_train/0682_c4s3_062979_03.jpg,4
683,bounding_box_train/0683_c4s3_063004_02.jpg,4
685,bounding_box_train/0685_c4s3_063304_03.jpg,4
688,bounding_box_train/0688_c1s4_009856_03.jpg,1
689,bounding_box_train/0689_c4s4_050710_01.jpg,4
696,bounding_box_train/0696_c6s2_054793_02.jpg,6
697,bounding_box_train/0697_c6s2_054368_01.jpg,6
700,bounding_box_train/0700_c6s2_048093_03.jpg,6
701,bounding_box_train/0701_c6s2_048268_03.jpg,6
702,bounding_box_train/0702_c5s2_055205_02.jpg,5
703,bounding_box_train/0703_c5s2_055430_02.jpg,5
704,bounding_box_train/0704_c5s2_059502_01.jpg,5
705,bounding_box_train/0705_c2s2_081007_02.jpg,2
706,bounding_box_train/0706_c2s2_052737_04.jpg,2
707,bounding_box_train/0707_c1s3_073106_02.jpg,1
708,bounding_box_train/0708_c6s4_000252_01.jpg,6
709,bounding_box_train/0709_c6s2_051043_01.jpg,6
711,bounding_box_train/0711_c2s2_056032_02.jpg,2
712,bounding_box_train/0712_c4s3_067904_01.jpg,4
714,bounding_box_train/0714_c6s4_028852_07.jpg,6
718,bounding_box_train/0718_c1s4_000856_01.jpg,1
724,bounding_box_train/0724_c6s2_055693_08.jpg,6
726,bounding_box_train/0726_c5s2_082252_01.jpg,5
729,bounding_box_train/0729_c6s2_057268_08.jpg,6
730,bounding_box_train/0730_c3s2_062878_05.jpg,3
733,bounding_box_train/0733_c3s2_063803_02.jpg,3
734,bounding_box_train/0734_c2s2_061407_01.jpg,2
738,bounding_box_train/0738_c6s2_060918_01.jpg,6
739,bounding_box_train/0739_c2s3_061227_02.jpg,2
741,bounding_box_train/0741_c3s2_067103_01.jpg,3
742,bounding_box_train/0742_c1s4_015006_01.jpg,1
744,bounding_box_train/0744_c6s2_062618_01.jpg,6
748,bounding_box_train/0748_c5s3_086187_07.jpg,5
749,bounding_box_train/0749_c6s2_063568_01.jpg,6
752,bounding_box_train/0752_c5s2_070427_04.jpg,5
754,bounding_box_train/0754_c6s2_065918_01.jpg,6
755,bounding_box_train/0755_c1s4_031856_01.jpg,1
757,bounding_box_train/0757_c6s2_066718_01.jpg,6
759,bounding_box_train/0759_c2s2_070107_01.jpg,2
760,bounding_box_train/0760_c3s2_073678_01.jpg,3
761,bounding_box_train/0761_c2s2_070607_01.jpg,2
762,bounding_box_train/0762_c5s2_098577_04.jpg,5
765,bounding_box_train/0765_c2s2_072232_01.jpg,2
766,bounding_box_train/0766_c6s2_075968_01.jpg,6
767,bounding_box_train/0767_c5s2_076177_01.jpg,5
772,bounding_box_train/0772_c3s2_078078_01.jpg,3
773,bounding_box_train/0773_c3s2_077978_01.jpg,3
774,bounding_box_train/0774_c1s4_042756_03.jpg,1
779,bounding_box_train/0779_c2s2_124952_10.jpg,2
780,bounding_box_train/0780_c3s2_087328_03.jpg,3
781,bounding_box_train/0781_c2s2_077407_01.jpg,2
785,bounding_box_train/0785_c1s4_021631_04.jpg,1
787,bounding_box_train/0787_c3s2_088853_01.jpg,3
788,bounding_box_train/0788_c5s2_117174_03.jpg,5
792,bounding_box_train/0792_c4s4_027135_01.jpg,4
793,bounding_box_train/0793_c5s2_088227_01.jpg,5
795,bounding_box_train/0795_c5s2_089927_03.jpg,5
796,bounding_box_train/0796_c1s4_028881_02.jpg,1
802,bounding_box_train/0802_c4s4_030635_02.jpg,4
803,bounding_box_train/0803_c5s2_096677_02.jpg,5
806,bounding_box_train/0806_c6s2_088893_03.jpg,6
809,bounding_box_train/0809_c1s4_048631_02.jpg,1
810,bounding_box_train/0810_c5s3_012715_04.jpg,5
814,bounding_box_train/0814_c4s4_039210_01.jpg,4
816,bounding_box_train/0816_c4s4_039910_02.jpg,4
818,bounding_box_train/0818_c6s2_095918_01.jpg,6
820,bounding_box_train/0820_c6s2_096218_01.jpg,6
821,bounding_box_train/0821_c6s2_096318_02.jpg,6
826,bounding_box_train/0826_c4s4_043310_02.jpg,4
828,bounding_box_train/0828_c1s4_059311_01.jpg,1
830,bounding_box_train/0830_c3s2_116344_04.jpg,3
833,bounding_box_train/0833_c3s2_123219_05.jpg,3
837,bounding_box_train/0837_c6s2_100718_01.jpg,6
839,bounding_box_train/0839_c3s2_106853_04.jpg,3
842,bounding_box_train/0842_c5s2_108027_01.jpg,5
843,bounding_box_train/0843_c2s2_104707_07.jpg,2
844,bounding_box_train/0844_c1s4_047081_01.jpg,1
848,bounding_box_train/0848_c3s2_107328_04.jpg,3
849,bounding_box_train/0849_c6s2_101543_08.jpg,6
850,bounding_box_train/0850_c1s4_047306_06.jpg,1
851,bounding_box_train/0851_c3s2_123219_06.jpg,3
855,bounding_box_train/0855_c3s2_107603_03.jpg,3
859,bounding_box_train/0859_c1s4_047556_02.jpg,1
863,bounding_box_train/0863_c3s2_107853_03.jpg,3
868,bounding_box_train/0868_c3s2_108253_05.jpg,3
872,bounding_box_train/0872_c3s2_108403_03.jpg,3
875,bounding_box_train/0875_c2s2_106057_01.jpg,2
879,bounding_box_train/0879_c5s2_109427_10.jpg,5
882,bounding_box_train/0882_c3s2_109228_07.jpg,3
883,bounding_box_train/0883_c1s4_049031_03.jpg,1
885,bounding_box_train/0885_c2s2_106632_01.jpg,2
886,bounding_box_train/0886_c2s2_106757_02.jpg,2
887,bounding_box_train/0887_c1s4_049056_04.jpg,1
890,bounding_box_train/0890_c3s2_109728_10.jpg,3
891,bounding_box_train/0891_c3s2_109703_10.jpg,3
892,bounding_box_train/0892_c5s2_110577_01.jpg,5
893,bounding_box_train/0893_c3s2_109753_08.jpg,3
894,bounding_box_train/0894_c3s2_109803_07.jpg,3
895,bounding_box_train/0895_c5s2_110652_04.jpg,5
896,bounding_box_train/0896_c3s2_109978_05.jpg,3
898,bounding_box_train/0898_c1s6_020721_02.jpg,1
900,bounding_box_train/0900_c1s4_050706_01.jpg,1
901,bounding_box_train/0901_c1s4_050356_02.jpg,1
902,bounding_box_train/0902_c4s4_051885_01.jpg,4
903,bounding_box_train/0903_c5s2_111852_01.jpg,5
904,bounding_box_train/0904_c1s4_051006_06.jpg,1
905,bounding_box_train/0905_c2s2_156402_01.jpg,2
907,bounding_box_train/0907_c6s2_106393_01.jpg,6
914,bounding_box_train/0914_c3s2_113953_02.jpg,3
915,bounding_box_train/0915_c3s2_118894_05.jpg,3
917,bounding_box_train/0917_c4s4_053691_03.jpg,4
919,bounding_box_train/0919_c5s2_115474_06.jpg,5
926,bounding_box_train/0926_c5s2_122624_02.jpg,5
930,bounding_box_train/0930_c6s2_110293_02.jpg,6
933,bounding_box_train/0933_c6s2_110843_01.jpg,6
936,bounding_box_train/0936_c6s2_111268_01.jpg,6
939,bounding_box_train/0939_c3s2_118119_01.jpg,3
940,bounding_box_train/0940_c3s2_118119_02.jpg,3
941,bounding_box_train/0941_c6s2_112043_01.jpg,6
942,bounding_box_train/0942_c3s2_118194_05.jpg,3
943,bounding_box_train/0943_c5s2_128249_01.jpg,5
945,bounding_box_train/0945_c3s2_118494_03.jpg,3
946,bounding_box_train/0946_c1s4_058286_02.jpg,1
947,bounding_box_train/0947_c5s2_120824_01.jpg,5
948,bounding_box_train/0948_c6s2_113443_04.jpg,6
952,bounding_box_train/0952_c4s4_060116_05.jpg,4
953,bounding_box_train/0953_c3s2_120094_03.jpg,3
954,bounding_box_train/0954_c6s2_113443_03.jpg,6
955,bounding_box_train/0955_c6s2_114043_09.jpg,6
957,bounding_box_train/0957_c5s2_143024_03.jpg,5
958,bounding_box_train/0958_c6s4_001002_01.jpg,6
961,bounding_box_train/0961_c6s2_114168_07.jpg,6
962,bounding_box_train/0962_c3s2_120319_06.jpg,3
963,bounding_box_train/0963_c6s2_114868_04.jpg,6
967,bounding_box_train/0967_c4s4_061516_01.jpg,4
969,bounding_box_train/0969_c2s2_118952_01.jpg,2
970,bounding_box_train/0970_c1s4_062386_01.jpg,1
971,bounding_box_train/0971_c6s2_117018_03.jpg,6
972,bounding_box_train/0972_c2s2_122352_03.jpg,2
973,bounding_box_train/0973_c5s2_140899_02.jpg,5
975,bounding_box_train/0975_c1s6_037171_06.jpg,1
976,bounding_box_train/0976_c6s2_117143_05.jpg,6
979,bounding_box_train/0979_c6s2_118193_03.jpg,6
982,bounding_box_train/0982_c2s2_122977_03.jpg,2
984,bounding_box_train/0984_c6s2_119143_03.jpg,6
986,bounding_box_train/0986_c5s2_125649_02.jpg,5
987,bounding_box_train/0987_c1s4_064736_04.jpg,1
988,bounding_box_train/0988_c1s4_065461_02.jpg,1
990,bounding_box_train/0990_c6s3_021392_02.jpg,6
991,bounding_box_train/0991_c6s2_121093_02.jpg,6
992,bounding_box_train/0992_c5s2_149924_04.jpg,5
994,bounding_box_train/0994_c6s2_121968_01.jpg,6
995,bounding_box_train/0995_c4s4_067591_04.jpg,4
997,bounding_box_train/0997_c3s2_128444_02.jpg,3
998,bounding_box_train/0998_c2s2_125427_01.jpg,2
999,bounding_box_train/0999_c1s4_068111_02.jpg,1
1000,bounding_box_train/1000_c6s3_016117_02.jpg,6
1001,bounding_box_train/1001_c3s2_129019_02.jpg,3
1002,bounding_box_train/1002_c3s3_070019_04.jpg,3
1003,bounding_box_train/1003_c6s2_123593_01.jpg,6
1004,bounding_box_train/1004_c3s2_129494_01.jpg,3
1007,bounding_box_train/1007_c2s2_128052_06.jpg,2
1010,bounding_box_train/1010_c6s2_124368_03.jpg,6
1011,bounding_box_train/1011_c3s2_130344_09.jpg,3
1012,bounding_box_train/1012_c6s2_124643_06.jpg,6
1017,bounding_box_train/1017_c1s4_070011_07.jpg,1
1018,bounding_box_train/1018_c5s2_131849_01.jpg,5
1019,bounding_box_train/1019_c5s2_131624_01.jpg,5
1023,bounding_box_train/1023_c2s2_128977_05.jpg,2
1025,bounding_box_train/1025_c5s2_133199_01.jpg,5
1027,bounding_box_train/1027_c3s2_133094_02.jpg,3
1030,bounding_box_train/1030_c1s4_073211_04.jpg,1
1031,bounding_box_train/1031_c5s2_134149_01.jpg,5
1032,bounding_box_train/1032_c5s2_134199_07.jpg,5
1033,bounding_box_train/1033_c1s4_072686_01.jpg,1
1038,bounding_box_train/1038_c2s2_131202_03.jpg,2
1039,bounding_box_train/1039_c3s2_134019_10.jpg,3
1041,bounding_box_train/1041_c3s2_134194_02.jpg,3
1045,bounding_box_train/1045_c3s2_134394_03.jpg,3
1051,bounding_box_train/1051_c3s2_136194_02.jpg,3
1052,bounding_box_train/1052_c3s2_142369_01.jpg,3
1055,bounding_box_train/1055_c3s2_138644_02.jpg,3
1056,bounding_box_train/1056_c1s5_003061_02.jpg,1
1066,bounding_box_train/1066_c6s3_004642_01.jpg,6
1071,bounding_box_train/1071_c4s5_023229_01.jpg,4
1075,bounding_box_train/1075_c6s2_100243_02.jpg,6
1076,bounding_box_train/1076_c2s3_064027_01.jpg,2
1078,bounding_box_train/1078_c3s2_144119_02.jpg,3
1079,bounding_box_train/1079_c3s2_144069_04.jpg,3
1080,bounding_box_train/1080_c6s3_006167_01.jpg,6
1081,bounding_box_train/1081_c6s3_006442_01.jpg,6
1086,bounding_box_train/1086_c3s2_150569_02.jpg,3
1088,bounding_box_train/1088_c2s2_151702_05.jpg,2
1091,bounding_box_train/1091_c1s6_021746_01.jpg,1
1093,bounding_box_train/1093_c3s2_159044_02.jpg,3
1094,bounding_box_train/1094_c2s2_144877_01.jpg,2
1096,bounding_box_train/1096_c5s2_149449_01.jpg,5
1097,bounding_box_train/1097_c5s2_149224_03.jpg,5
1098,bounding_box_train/1098_c2s3_081252_01.jpg,2
1100,bounding_box_train/1100_c3s2_153994_01.jpg,3
1101,bounding_box_train/1101_c6s3_011092_03.jpg,6
1106,bounding_box_train/1106_c3s2_150444_02.jpg,3
1107,bounding_box_train/1107_c1s5_015361_01.jpg,1
1110,bounding_box_train/1110_c3s2_151869_02.jpg,3
1111,bounding_box_train/1111_c2s2_148702_04.jpg,2
1112,bounding_box_train/1112_c5s2_152324_06.jpg,5
1113,bounding_box_train/1113_c1s5_016736_08.jpg,1
1114,bounding_box_train/1114_c2s2_154202_02.jpg,2
1115,bounding_box_train/1115_c3s2_152644_04.jpg,3
1116,bounding_box_train/1116_c1s5_017236_03.jpg,1
1117,bounding_box_train/1117_c2s2_150477_01.jpg,2
1123,bounding_box_train/1123_c5s2_157324_01.jpg,5
1124,bounding_box_train/1124_c3s2_157044_02.jpg,3
1126,bounding_box_train/1126_c5s2_157099_02.jpg,5
1127,bounding_box_train/1127_c3s2_159544_01.jpg,3
1129,bounding_box_train/1129_c2s3_076277_12.jpg,2
1132,bounding_box_train/1132_c1s6_029271_01.jpg,1
1134,bounding_box_train/1134_c3s2_158169_01.jpg,3
1135,bounding_box_train/1135_c1s5_025736_01.jpg,1
1138,bounding_box_train/1138_c3s2_159094_02.jpg,3
1140,bounding_box_train/1140_c3s3_070894_01.jpg,3
1142,bounding_box_train/1142_c5s3_044365_02.jpg,5
1152,bounding_box_train/1152_c4s5_045485_03.jpg,4
1157,bounding_box_train/1157_c2s3_081677_02.jpg,2
1158,bounding_box_train/1158_c3s3_061978_02.jpg,3
1159,bounding_box_train/1159_c6s3_044742_05.jpg,6
1162,bounding_box_train/1162_c3s3_017703_01.jpg,3
1165,bounding_box_train/1165_c5s3_003268_02.jpg,5
1168,bounding_box_train/1168_c1s5_029536_02.jpg,1
1169,bounding_box_train/1169_c5s3_017540_02.jpg,5
1173,bounding_box_train/1173_c3s3_005612_05.jpg,3
1176,bounding_box_train/1176_c4s5_045485_02.jpg,4
1177,bounding_box_train/1177_c4s5_045510_01.jpg,4
1178,bounding_box_train/1178_c2s2_164502_01.jpg,2
1179,bounding_box_train/1179_c6s3_029942_02.jpg,6
1189,bounding_box_train/1189_c6s4_018052_03.jpg,6
1193,bounding_box_train/1193_c6s3_066067_06.jpg,6
1197,bounding_box_train/1197_c1s5_046741_01.jpg,1
1198,bounding_box_train/1198_c2s3_004857_02.jpg,2
1200,bounding_box_train/1200_c5s3_011940_01.jpg,5
1201,bounding_box_train/1201_c6s3_034992_01.jpg,6
1204,bounding_box_train/1204_c6s3_054217_01.jpg,6
1213,bounding_box_train/1213_c3s3_013578_01.jpg,3
1217,bounding_box_train/1217_c1s5_040341_01.jpg,1
1218,bounding_box_train/1218_c5s3_092037_06.jpg,5
1219,bounding_box_train/1219_c2s3_086377_01.jpg,2
1220,bounding_box_train/1220_c1s5_040416_10.jpg,1
1227,bounding_box_train/1227_c1s5_049591_08.jpg,1
1230,bounding_box_train/1230_c1s5_041416_03.jpg,1
1231,bounding_box_train/1231_c1s6_044221_02.jpg,1
1232,bounding_box_train/1232_c5s3_059240_02.jpg,5
1234,bounding_box_train/1234_c1s5_042666_02.jpg,1
1235,bounding_box_train/1235_c3s3_021878_03.jpg,3
1238,bounding_box_train/1238_c3s3_021878_05.jpg,3
1240,bounding_box_train/1240_c3s3_018928_01.jpg,3
1242,bounding_box_train/1242_c3s3_019253_01.jpg,3
1243,bounding_box_train/1243_c1s5_055291_01.jpg,1
1244,bounding_box_train/1244_c2s3_013632_03.jpg,2
1250,bounding_box_train/1250_c5s3_020965_05.jpg,5
1252,bounding_box_train/1252_c3s3_097869_01.jpg,3
1253,bounding_box_train/1253_c6s3_044792_03.jpg,6
1254,bounding_box_train/1254_c2s3_014507_01.jpg,2
1257,bounding_box_train/1257_c1s5_047316_01.jpg,1
1258,bounding_box_train/1258_c6s3_045017_04.jpg,6
1260,bounding_box_train/1260_c1s5_051041_01.jpg,1
1263,bounding_box_train/1263_c1s5_049216_04.jpg,1
1266,bounding_box_train/1266_c2s3_036032_04.jpg,2
1269,bounding_box_train/1269_c1s5_051241_01.jpg,1
1275,bounding_box_train/1275_c6s3_049617_02.jpg,6
1278,bounding_box_train/1278_c4s6_012135_01.jpg,4
1281,bounding_box_train/1281_c2s3_030957_01.jpg,2
1286,bounding_box_train/1286_c3s3_027578_03.jpg,3
1289,bounding_box_train/1289_c3s3_029578_03.jpg,3
1291,bounding_box_train/1291_c1s6_006941_02.jpg,1
1292,bounding_box_train/1292_c3s3_029953_01.jpg,3
1294,bounding_box_train/1294_c2s3_037632_02.jpg,2
1295,bounding_box_train/1295_c3s3_031178_01.jpg,3
1296,bounding_box_train/1296_c2s3_025332_02.jpg,2
1297,bounding_box_train/1297_c2s3_025432_03.jpg,2
1300,bounding_box_train/1300_c6s3_055742_09.jpg,6
1303,bounding_box_train/1303_c3s3_031253_04.jpg,3
1304,bounding_box_train/1304_c1s5_057891_04.jpg,1
1309,bounding_box_train/1309_c5s3_033165_02.jpg,5
1313,bounding_box_train/1313_c2s3_048982_01.jpg,2
1315,bounding_box_train/1315_c4s5_057360_01.jpg,4
1316,bounding_box_train/1316_c1s5_057466_02.jpg,1
1318,bounding_box_train/1318_c6s3_058667_01.jpg,6
1320,bounding_box_train/1320_c3s3_053103_03.jpg,3
1321,bounding_box_train/1321_c3s3_035853_02.jpg,3
1325,bounding_box_train/1325_c2s3_030532_01.jpg,2
1326,bounding_box_train/1326_c1s5_062816_01.jpg,1
1327,bounding_box_train/1327_c3s3_036253_03.jpg,3
1330,bounding_box_train/1330_c1s5_063266_01.jpg,1
1331,bounding_box_train/1331_c1s5_063841_01.jpg,1
1332,bounding_box_train/1332_c3s3_037253_02.jpg,3
1334,bounding_box_train/1334_c5s3_044165_01.jpg,5
1335,bounding_box_train/1335_c3s3_038153_05.jpg,3
1336,bounding_box_train/1336_c5s3_046390_01.jpg,5
1338,bounding_box_train/1338_c2s3_032357_01.jpg,2
1339,bounding_box_train/1339_c6s3_062742_01.jpg,6
1341,bounding_box_train/1341_c2s3_033257_05.jpg,2
1343,bounding_box_train/1343_c3s3_040103_01.jpg,3
1344,bounding_box_train/1344_c2s3_050007_03.jpg,2
1346,bounding_box_train/1346_c3s3_040328_05.jpg,3
1350,bounding_box_train/1350_c4s5_066335_01.jpg,4
1353,bounding_box_train/1353_c5s3_040890_02.jpg,5
1358,bounding_box_train/1358_c1s6_004766_01.jpg,1
1363,bounding_box_train/1363_c3s3_064219_01.jpg,3
1364,bounding_box_train/1364_c1s6_002366_02.jpg,1
1365,bounding_box_train/1365_c3s3_042903_01.jpg,3
1368,bounding_box_train/1368_c3s3_043578_04.jpg,3
1372,bounding_box_train/1372_c3s3_061928_01.jpg,3
1373,bounding_box_train/1373_c6s3_067792_05.jpg,6
1379,bounding_box_train/1379_c5s3_045515_01.jpg,5
1380,bounding_box_train/1380_c6s3_069117_01.jpg,6
1381,bounding_box_train/1381_c1s5_071791_03.jpg,1
1385,bounding_box_train/1385_c2s3_039582_01.jpg,2
1389,bounding_box_train/1389_c2s3_046882_01.jpg,2
1391,bounding_box_train/1391_c6s3_070817_02.jpg,6
1392,bounding_box_train/1392_c1s6_011666_02.jpg,1
1393,bounding_box_train/1393_c1s6_006141_02.jpg,1
1400,bounding_box_train/1400_c6s3_072092_01.jpg,6
1402,bounding_box_train/1402_c6s3_072392_04.jpg,6
1404,bounding_box_train/1404_c3s3_049303_01.jpg,3
1405,bounding_box_train/1405_c3s3_049128_04.jpg,3
1406,bounding_box_train/1406_c3s3_049128_02.jpg,3
1407,bounding_box_train/1407_c5s3_049990_01.jpg,5
1408,bounding_box_train/1408_c5s2_041530_01.jpg,5
1409,bounding_box_train/1409_c4s6_016841_03.jpg,4
1411,bounding_box_train/1411_c3s3_055778_02.jpg,3
1420,bounding_box_train/1420_c3s3_051653_01.jpg,3
1421,bounding_box_train/1421_c3s3_057253_03.jpg,3
1422,bounding_box_train/1422_c6s3_076292_01.jpg,6
1426,bounding_box_train/1426_c3s3_053853_04.jpg,3
1427,bounding_box_train/1427_c3s3_095144_12.jpg,3
1428,bounding_box_train/1428_c1s6_018921_03.jpg,1
1430,bounding_box_train/1430_c3s3_058753_02.jpg,3
1432,bounding_box_train/1432_c5s3_055490_02.jpg,5
1433,bounding_box_train/1433_c5s3_055690_02.jpg,5
1434,bounding_box_train/1434_c3s3_055478_04.jpg,3
1437,bounding_box_train/1437_c4s6_011760_01.jpg,4
1442,bounding_box_train/1442_c1s6_008241_01.jpg,1
1443,bounding_box_train/1443_c3s3_068619_02.jpg,3
1445,bounding_box_train/1445_c2s3_050807_07.jpg,2
1447,bounding_box_train/1447_c6s3_081042_03.jpg,6
1449,bounding_box_train/1449_c3s3_058353_03.jpg,3
1453,bounding_box_train/1453_c1s6_008841_06.jpg,1
1454,bounding_box_train/1454_c5s3_058765_02.jpg,5
1455,bounding_box_train/1455_c3s3_058028_03.jpg,3
1458,bounding_box_train/1458_c3s3_058428_02.jpg,3
1463,bounding_box_train/1463_c6s4_030927_05.jpg,6
1464,bounding_box_train/1464_c1s6_010116_01.jpg,1
1466,bounding_box_train/1466_c3s3_073294_04.jpg,3
1467,bounding_box_train/1467_c3s3_058778_05.jpg,3
1469,bounding_box_train/1469_c6s3_083467_01.jpg,6
1470,bounding_box_train/1470_c2s3_053882_04.jpg,2
1471,bounding_box_train/1471_c1s6_011416_01.jpg,1
1473,bounding_box_train/1473_c1s6_011641_04.jpg,1
1474,bounding_box_train/1474_c1s6_020321_02.jpg,1
1475,bounding_box_train/1475_c1s6_011866_02.jpg,1
1479,bounding_box_train/1479_c3s3_060853_02.jpg,3
1480,bounding_box_train/1480_c2s3_054932_06.jpg,2
1487,bounding_box_train/1487_c3s3_095694_01.jpg,3
1489,bounding_box_train/1489_c2s3_090877_02.jpg,2
1492,bounding_box_train/1492_c3s3_061953_04.jpg,3
1495,bounding_box_train/1495_c4s6_013691_01.jpg,4
1496,bounding_box_train/1496_c3s3_070719_01.jpg,3
1500,bounding_box_train/1500_c3s3_062753_02.jpg,3
